{
  "timestamp": 1748705438.0747452,
  "session_duration": 81.60330891609192,
  "stats": {
    "packets_analyzed": 5060,
    "mobs_detected": 1,
    "chests_detected": 0,
    "items_detected": 0,
    "session_start": 1748705356.471437
  },
  "current_dungeon": {
    "in_dungeon": false,
    "dungeon_id": null,
    "floor": 0,
    "mobs": {
      "mob_1748705425.9652555": {
        "name": "MOB_KEEPER_EARTHDAUGHTER_VETERAN_BOSS",
        "type": "MOB",
        "detected_at": 1748705425.965253,
        "position": {
          "x": 3253.95361328125,
          "y": 12.267658233642578,
          "z": 55.826419830322266
        }
      }
    },
    "chests": {},
    "player_position": {
      "x": -5.566286087036133,
      "y": -3156.04150390625,
      "z": 0.11043635755777359
    }
  },
  "recent_detections": [
    {
      "type": "MOB",
      "timestamp": "22:30:25",
      "info": {
        "name": "MOB_KEEPER_EARTHDAUGHTER_VETERAN_BOSS",
        "type": "MOB",
        "detected_at": 1748705425.965253,
        "position": {
          "x": 3253.95361328125,
          "y": 12.267658233642578,
          "z": 55.826419830322266
        }
      }
    }
  ],
  "interface_used": "\\Device\\NPF_{6B3C185F-8A6A-48FA-89E8-F4E0E10196E0}",
  "servers_monitored": [
    "13.35.238.120",
    "5.45.187.30",
    "35.174.127.31"
  ]
}